test-card	REJECT	"../../etc/passwd"	stored=""
test-card	REJECT	"cards/../../../etc/passwd"	stored=""
test-card	REJECT	"/etc/passwd"	stored=""
test-card	REJECT	"cards/./../../secret"	stored=""
test-card	ACCEPT	"..%2f..%2fetc%2fpasswd"	stored="..%2f..%2fetc%2fpasswd"
test-card	ACCEPT	"..%2F..%2Fetc%2Fpasswd"	stored="..%2F..%2Fetc%2Fpasswd"
test-card	ACCEPT	"%2e%2e/%2e%2e/etc/passwd"	stored="%2e%2e/%2e%2e/etc/passwd"
test-card	ACCEPT	"..%252f..%252fetc"	stored="..%252f..%252fetc"
test-card	ACCEPT	"..\\..\\etc\\passwd"	stored="../../etc/passwd"
test-card	ACCEPT	"cards\\..\\..\\secret"	stored="cards/../../secret"
test-card	ACCEPT	"C:\\Windows\\win.ini"	stored="C:/Windows/win.ini"
test-card	ACCEPT	"C:/Windows/win.ini"	stored="C:/Windows/win.ini"
test-card	ACCEPT	"\\\\server\\share\\x"	stored="//server/share/x"
test-card	ACCEPT	"\\etc\\passwd"	stored="/etc/passwd"
test-card	REJECT	"//etc/passwd"	stored=""
test-card	REJECT	"cards/../state/reviews.json"	stored=""
test-card	ACCEPT	"./cards/a.md"	stored="./cards/a.md"
test-card	ACCEPT	"cards//a.md"	stored="cards//a.md"
test-card	ACCEPT	"cards/a.md\u0000.png"	stored="cards/a.md\u0000.png"
test-card	ACCEPT	"~/secret"	stored="~/secret"
test-card	REJECT	".."	stored=""
test-card	ACCEPT	" ../x"	stored=" ../x"
test-card	ACCEPT	"file:///etc/passwd"	stored="file:///etc/passwd"
test-card	ACCEPT	"cards/security/sec-0042.md"	stored="cards/security/sec-0042.md"
test-card	ACCEPT	"state/reviews.json"	stored="state/reviews.json"
test-card	ACCEPT	"assets/sec-0042-diagram.png"	stored="assets/sec-0042-diagram.png"
teach-card	REJECT	"../../etc/passwd"	stored=""
teach-card	REJECT	"cards/../../../etc/passwd"	stored=""
teach-card	REJECT	"/etc/passwd"	stored=""
teach-card	REJECT	"cards/./../../secret"	stored=""
teach-card	ACCEPT	"..%2f..%2fetc%2fpasswd"	stored="..%2f..%2fetc%2fpasswd"
teach-card	ACCEPT	"..%2F..%2Fetc%2Fpasswd"	stored="..%2F..%2Fetc%2Fpasswd"
teach-card	ACCEPT	"%2e%2e/%2e%2e/etc/passwd"	stored="%2e%2e/%2e%2e/etc/passwd"
teach-card	ACCEPT	"..%252f..%252fetc"	stored="..%252f..%252fetc"
teach-card	ACCEPT	"..\\..\\etc\\passwd"	stored="..\\..\\etc\\passwd"
teach-card	ACCEPT	"cards\\..\\..\\secret"	stored="cards\\..\\..\\secret"
teach-card	ACCEPT	"C:\\Windows\\win.ini"	stored="C:\\Windows\\win.ini"
teach-card	ACCEPT	"C:/Windows/win.ini"	stored="C:/Windows/win.ini"
teach-card	ACCEPT	"\\\\server\\share\\x"	stored="\\\\server\\share\\x"
teach-card	ACCEPT	"\\etc\\passwd"	stored="\\etc\\passwd"
teach-card	REJECT	"//etc/passwd"	stored=""
teach-card	REJECT	"cards/../state/reviews.json"	stored=""
teach-card	ACCEPT	"./cards/a.md"	stored="./cards/a.md"
teach-card	ACCEPT	"cards//a.md"	stored="cards//a.md"
teach-card	ACCEPT	"cards/a.md\u0000.png"	stored="cards/a.md\u0000.png"
teach-card	ACCEPT	"~/secret"	stored="~/secret"
teach-card	REJECT	".."	stored=""
teach-card	ACCEPT	" ../x"	stored=" ../x"
teach-card	ACCEPT	"file:///etc/passwd"	stored="file:///etc/passwd"
teach-card	ACCEPT	"cards/security/sec-0042.md"	stored="cards/security/sec-0042.md"
teach-card	ACCEPT	"state/reviews.json"	stored="state/reviews.json"
teach-card	ACCEPT	"assets/sec-0042-diagram.png"	stored="assets/sec-0042-diagram.png"
